epoch,time,train/box_loss,train/cls_loss,train/dfl_loss,metrics/precision(B),metrics/recall(B),metrics/mAP50(B),metrics/mAP50-95(B),val/box_loss,val/cls_loss,val/dfl_loss,lr/pg0,lr/pg1,lr/pg2
1,14.0544,3.8086,3.4884,2.5914,0.05267,0.52667,0.02831,0.01047,1.55087,3.16926,1.33564,0.0006,0.0006,0.0006
2,15.3382,1.67624,3.15561,1.36132,0.1,1,0.38656,0.10127,1.82263,2.97392,1.35385,0.00124159,0.00124159,0.00124159
3,16.5987,1.69495,2.70035,1.26247,0.09983,0.99833,0.21403,0.07236,1.61918,2.94043,1.39106,0.00185677,0.00185677,0.00185677
4,17.9519,1.65033,2.30913,1.21385,0.15189,0.75333,0.34321,0.10819,1.61989,2.758,1.28877,0.0018812,0.0018812,0.0018812
5,19.2117,1.53719,1.89607,1.18553,0.43098,0.34,0.413,0.15467,1.65248,2.40673,1.29143,0.0018416,0.0018416,0.0018416
6,20.4631,1.57063,1.41572,1.20137,0.71607,0.53381,0.67404,0.25814,1.78838,2.25245,1.37392,0.001802,0.001802,0.001802
7,21.7291,1.48016,1.19948,1.19109,0.71901,0.80833,0.79221,0.32784,1.8037,1.83421,1.32873,0.0017624,0.0017624,0.0017624
8,23.0039,1.43707,1.0539,1.16841,0.71148,0.86,0.79838,0.34124,1.69823,1.49058,1.20643,0.0017228,0.0017228,0.0017228
9,24.2543,1.44573,0.99389,1.16689,0.82823,0.87594,0.9238,0.55568,1.41692,1.05225,1.08701,0.0016832,0.0016832,0.0016832
10,25.5367,1.36849,0.90996,1.12749,0.93661,0.92833,0.97741,0.57276,1.45469,1.00201,1.11042,0.0016436,0.0016436,0.0016436
11,26.8229,1.33339,0.92645,1.1389,0.95832,0.96833,0.99112,0.59673,1.3642,0.94169,1.11039,0.001604,0.001604,0.001604
12,28.1576,1.33534,0.88957,1.1195,0.98144,0.96939,0.99255,0.57425,1.39493,0.90712,1.11641,0.0015644,0.0015644,0.0015644
13,29.4354,1.31933,0.84343,1.13656,0.97703,0.99245,0.99439,0.60445,1.33536,0.87292,1.10467,0.0015248,0.0015248,0.0015248
14,30.7367,1.31205,0.85643,1.10072,0.98505,0.98843,0.99448,0.62823,1.2684,0.87848,1.0814,0.0014852,0.0014852,0.0014852
15,32.1204,1.2347,0.78839,1.09192,0.96387,0.99333,0.98783,0.62226,1.27669,0.85103,1.08137,0.0014456,0.0014456,0.0014456
16,33.3973,1.2747,0.81327,1.10979,0.96202,0.995,0.97316,0.56937,1.34414,0.84835,1.11247,0.001406,0.001406,0.001406
17,34.6511,1.30479,0.7887,1.08881,0.97695,0.98916,0.99266,0.62312,1.23595,0.91992,1.16001,0.0013664,0.0013664,0.0013664
18,35.9323,1.234,0.75981,1.10411,0.98263,0.99167,0.99341,0.63479,1.21809,0.92602,1.14554,0.0013268,0.0013268,0.0013268
19,37.2176,1.25002,0.78539,1.08031,0.98917,0.99,0.99299,0.62512,1.21722,0.89469,1.14616,0.0012872,0.0012872,0.0012872
20,38.4977,1.24668,0.75277,1.08123,0.98349,0.99257,0.9944,0.63679,1.20679,0.79235,1.12218,0.0012476,0.0012476,0.0012476
21,39.767,1.26781,0.77817,1.09225,0.98649,0.97328,0.99349,0.64757,1.21397,0.78347,1.11764,0.001208,0.001208,0.001208
22,41.0512,1.20319,0.73951,1.04158,0.99482,0.96016,0.98893,0.63408,1.20093,0.81645,1.12546,0.0011684,0.0011684,0.0011684
23,42.3578,1.24579,0.733,1.06872,0.99829,0.97531,0.99295,0.63563,1.20136,0.80944,1.13588,0.0011288,0.0011288,0.0011288
24,43.65,1.22806,0.73977,1.06655,0.99496,0.98783,0.99488,0.63757,1.19993,0.81296,1.14544,0.0010892,0.0010892,0.0010892
25,44.9194,1.21142,0.71993,1.0712,0.99085,0.99833,0.99485,0.64115,1.19447,0.75238,1.12886,0.0010496,0.0010496,0.0010496
26,46.2128,1.19289,0.70453,1.07049,0.98745,1,0.99327,0.63304,1.21556,0.73027,1.12122,0.00101,0.00101,0.00101
27,47.5012,1.21674,0.72966,1.04808,0.99009,0.99909,0.9924,0.62021,1.25792,0.7068,1.09791,0.0009704,0.0009704,0.0009704
28,48.8657,1.23485,0.7235,1.05693,0.9897,1,0.99339,0.64324,1.20932,0.67897,1.06085,0.0009308,0.0009308,0.0009308
29,50.1386,1.19222,0.69737,1.05979,0.99609,1,0.995,0.66305,1.16984,0.67671,1.03295,0.0008912,0.0008912,0.0008912
30,51.4641,1.17686,0.69585,1.03801,0.9984,1,0.995,0.64051,1.20313,0.68346,1.06281,0.0008516,0.0008516,0.0008516
31,52.7488,1.21546,0.72097,1.0767,0.99916,1,0.995,0.64955,1.18572,0.68453,1.08204,0.000812,0.000812,0.000812
32,54.0236,1.18817,0.69595,1.05905,0.99783,1,0.995,0.62522,1.2387,0.69746,1.10863,0.0007724,0.0007724,0.0007724
33,55.3045,1.21823,0.6811,1.05223,0.99898,1,0.995,0.63703,1.19307,0.66386,1.07283,0.0007328,0.0007328,0.0007328
34,56.5795,1.21797,0.66423,1.05534,0.998,0.99833,0.995,0.6494,1.18499,0.65614,1.07441,0.0006932,0.0006932,0.0006932
35,57.8918,1.14353,0.65784,1.02368,0.99671,0.99833,0.99498,0.65998,1.1711,0.64907,1.08227,0.0006536,0.0006536,0.0006536
36,59.1547,1.21205,0.66664,1.05066,0.99269,0.99833,0.99495,0.65902,1.17338,0.64749,1.07387,0.000614,0.000614,0.000614
37,60.437,1.1757,0.66106,1.03049,0.99283,0.99833,0.99497,0.65288,1.17117,0.63109,1.06246,0.0005744,0.0005744,0.0005744
38,61.7308,1.17815,0.66497,1.05246,0.99792,1,0.995,0.65583,1.16887,0.63285,1.06779,0.0005348,0.0005348,0.0005348
39,63.119,1.1474,0.62998,1.02307,0.9993,1,0.995,0.65464,1.16496,0.63094,1.072,0.0004952,0.0004952,0.0004952
40,64.4362,1.16797,0.65343,1.05562,0.99944,1,0.995,0.65591,1.16552,0.63103,1.07327,0.0004556,0.0004556,0.0004556
41,65.5995,1.18537,0.76658,1.0528,0.99811,1,0.995,0.64999,1.16986,0.65003,1.08277,0.000416,0.000416,0.000416
42,66.7095,1.14016,0.68534,1.05747,0.99664,0.995,0.99493,0.65006,1.16739,0.67233,1.07491,0.0003764,0.0003764,0.0003764
43,67.7929,1.14671,0.67042,1.03886,0.9904,0.995,0.99437,0.65224,1.16123,0.70656,1.06167,0.0003368,0.0003368,0.0003368
44,68.9038,1.15331,0.65025,1.0377,0.98767,1,0.99397,0.65241,1.17233,0.73083,1.05781,0.0002972,0.0002972,0.0002972
45,69.9875,1.14096,0.6546,1.02931,0.99224,0.99833,0.99448,0.65331,1.1529,0.72842,1.05387,0.0002576,0.0002576,0.0002576
46,71.0886,1.13646,0.64684,1.02459,0.99834,0.99962,0.99497,0.65261,1.15756,0.7067,1.056,0.000218,0.000218,0.000218
47,72.2354,1.13592,0.64701,1.02622,0.99833,0.99932,0.995,0.65455,1.15699,0.69292,1.06273,0.0001784,0.0001784,0.0001784
48,73.3837,1.13717,0.64302,1.02208,1,0.99931,0.995,0.65604,1.15182,0.67729,1.06077,0.0001388,0.0001388,0.0001388
49,74.4866,1.12049,0.62615,1.03836,1,0.99989,0.995,0.65924,1.1425,0.66533,1.06378,9.92e-05,9.92e-05,9.92e-05
50,75.5888,1.14116,0.62889,1.02118,0.99981,1,0.995,0.65868,1.14392,0.65651,1.06369,5.96e-05,5.96e-05,5.96e-05
